"RootId","RelativePath","Bytes","LastWriteTime","SHA256"
"S_TimeWarp","timewarp\OmegaSystem\_exports\omega_export_20260228_234253.zip","5552","28/02/2026 23:42:54","BDAFDBFAAEB7F18E7F44CE76F080147274CA73EC5AF26ADC5A5B723C969F0FE5"
"S_TimeWarp","timewarp\OmegaSystem\_exports\omega_export_20260228_234502.zip","6272","28/02/2026 23:45:02","194A72E41FE5C93B4D72454E7CBB9D293C3E699CC305687013BBBD341CB234D7"
"S_TimeWarp","timewarp\OmegaSystem\_exports\omega_export_20260228_234810.zip","8657","28/02/2026 23:48:10","CE0D98DD8508B7A3366E099B19D880235087C4B2A53B5CB7F66D4255A037BD64"
"S_TimeWarp","timewarp\OmegaSystem\_exports\omega_export_20260301_002227.zip","42165","01/03/2026 00:22:27","5938D245908ED10183048F596586A3A5DA812C65E1278A13EE472AD266C11F55"
"S_TimeWarp","timewarp\OmegaSystem\_exports\omega_export_20260301_003940.zip","42941","01/03/2026 00:39:40","EF0831DECBB873A7DA668CDCCB1B84AB85A34517722E2D94E5D5873288656F66"
"S_TimeWarp","timewarp\OmegaSystem\_exports\omega_export_20260301_005618.zip","71606","01/03/2026 00:56:19","43D3146D652A4FB5B0C759E642C3A0AC401E7D00C61306FD54A5C147AE3C0E58"
"S_TimeWarp","timewarp\OmegaSystem\_exports\omega_export_20260301_031324.zip","109354","01/03/2026 03:13:26","E8E243C42E9BF0081DE4E2EC0985A09495751610A268124ACE97CDFBB5E60E3E"
"S_TimeWarp","timewarp\OmegaSystem\_exports\omega_export_20260301_150343.zip","109355","01/03/2026 15:03:45","19AEFEB8FB95ABAB40064CAFE63A1A6A40972C10A42ACF7F80CADA702DCF729E"
"S_TimeWarp","timewarp\OmegaSystem\init_dashboard.zip","98056992","01/03/2026 17:26:35","885524ED60140F2E7B9F47C2BD4B6DA0AA4E503D1571C7CEEDF8E8F404313D27"
"S_TimeWarp","timewarp\OmegaSystem\OmegaSystem.7z","10662757","28/02/2026 22:56:32","2067A20C48ABBC2365C7607C6E1210ADE2D059C0B1233D902F6E0FD1ACAFB55E"
"S_TimeWarp","timewarp\OmegaSystem\OmegaSystem.zip","35413419","28/02/2026 22:41:35","BE180DD3A7A89D68B2554186B8FC9044721CC71244A73DF0A05EFB33B7173422"
"S_TimeWarp","timewarp\OmegaSystem.zip","192452488","01/03/2026 21:37:24","6BFCC487B65DC375BE3EA8E3A1A33C335542CDE1C30239DC9B4330696E794C90"
"S_TimeWarp","Fractal_Reflexive_Scheduler_Fractal_0.212.91-Os_MegaSystem_builder_timewarp.zip","12178","06/03/2026 11:14:23","FA6BBB334A6F43EB461D6840F4A1B310E9E539AAEB8F3A4DCBD578E1D882010F"
"S_TimeWarp","FractalOS_TimeWarp_bundle (1).zip","3331","06/03/2026 01:32:56","D865E7B4ED7C2BC89D1DF7FCEFD5AD89564D6522911B99A5CAFAC1F231AC690F"
"S_TimeWarp","FractalOS_TimeWarp_bundle (2).zip","3331","06/03/2026 01:33:46","D865E7B4ED7C2BC89D1DF7FCEFD5AD89564D6522911B99A5CAFAC1F231AC690F"
"S_TimeWarp","FractalOS_TimeWarp_bundle (3).zip","22","06/03/2026 09:46:20","8739C76E681F900923B900C9DF0EF75CF421D39CABB54650C4B9AD19B6A76D85"
"S_TimeWarp","FractalOS_TimeWarp_bundle.zip","3331","06/03/2026 01:31:20","D865E7B4ED7C2BC89D1DF7FCEFD5AD89564D6522911B99A5CAFAC1F231AC690F"
"S_TimeWarp","FractalOS_v800_timewarp_snapshot (1).zip","11703","06/03/2026 00:54:29","B67530337C743990B8A3BBB0BBE0756BA343B42E8223CD98A8CCDCEA518FB73C"
"S_TimeWarp","FractalOS_v800_timewarp_snapshot.zip","11703","06/03/2026 00:37:14","B67530337C743990B8A3BBB0BBE0756BA343B42E8223CD98A8CCDCEA518FB73C"
"S_TimeWarp","ITT_IntentToConsciously_v0_3_0_TimeWarp.zip","15116","03/03/2026 21:02:50","CBA3F3552800C7455B6C599BEF9F4C358E0FE81EF43D6B36A3DB9FB6B0E0C4DC"
"S_TimeWarp","ITT_TimeWarp_IntentToConsciously_v0_1_0.zip","9964","03/03/2026 19:22:03","D4E6436BC6A1907BC918B08858464E7DD63E0A75EA464392BA626917F2451CE5"
"S_TimeWarp","ITT_TimeWarp_IntentToConsciously_v0_2_0.zip","13471","03/03/2026 19:28:33","12E7F2622AE84E79A33131773AE118D43C707F461849A39F661D36979B23C744"
"S_TimeWarp","ITT_TimeWarp_IntentToConsciously_v0_2_1_fix.zip","15439","03/03/2026 19:40:02","A6096CAA9ECF4593DD4A4E781417DC30E2EE49FADB7700436D449BD29DA5B2E4"
"S_TimeWarp","ITT_TimeWarp_IntentToConsciously_v0_2_1_fix2.zip","15476","03/03/2026 19:44:50","E7DC42C67BFF7B265FBD67F4AAED1DC6B9A8AE4501DC7DFBC02C4161C5F570D0"
"S_TimeWarp","ITT_TimeWarp_IntentToConsciously_v0_2_1.zip","15184","03/03/2026 19:33:20","25A156391C5B57AD2B3B084FEE3B106A9A81076A9A1FB1A37E47D54C2C4D8568"
"S_TimeWarp","Noralios_TimeWarp_V2.zip","9021","07/03/2026 21:26:29","D3B358BCA6EE5925D334EECDD011F04856D47F7FCCB7075BD1B8AAF3B7F7D3D1"
"S_TimeWarp","Noralios_TimeWarp_V3.zip","22","07/03/2026 21:36:04","8739C76E681F900923B900C9DF0EF75CF421D39CABB54650C4B9AD19B6A76D85"
"S_TimeWarp","Noralios_TimeWarp_V4.zip","1963","07/03/2026 21:44:11","B222EC059FCF9940110625C994BE66B9FA71A306B37FDD171CBD1A96C528613D"
"S_TimeWarp","Noralios_TimeWarp_V5.zip","21153","07/03/2026 21:54:03","0A3121A4C2F0EDA4B26D62C7E610BF6E737C2B6C0736F1F19D7E5648B33DFC85"
"S_TimeWarp","OmegaFusion_TimeWarp_4W.zip","18059","01/03/2026 20:24:23","6530122836D23EDCCF0A795B5C2D81BCDCE9225440E0BB3BC1D8FE0E81DF03CD"
"S_TimeWarp","OmegaFusion_TimeWarp_v2_EXE_Launcher.zip","21606","01/03/2026 20:33:47","9EC8EB0447EFD82B4E26E9F7285104D9FBEC240C7B776A03E05192401924F2B6"
"S_TimeWarp","OmegaFusion_TimeWarp_v3_HYBRID.zip","30604","01/03/2026 21:02:42","A5044B47EE32EC0305A1F0BD8849122B16016DFC438BE9BBF79D2ABC0E8A364A"
"S_TimeWarp","OmegaFusion_TimeWarp_v3.zip","27604","01/03/2026 20:40:52","4803D32776809DAFCDD2553049A37AF5801CD826B527859DB323E2BF8444E59C"
"S_TimeWarp","TimeWarp_FromFuture_Bundle (2).zip","5759","15/09/2026 04:31:57","4712EAD95467F48ED569A00AF5DCA5D6CEF0CA5FBFB2D0AB38A25C49BF8952F1"
"S_TimeWarp","TimeWarp_FromFuture_Bundle.zip","5968","05/03/2026 23:48:08","9D1622CCDDE645F1DA0C3BD9618B94DDBA241CF3B1729D3FE1A87B97D52FF58A"
"F_TimeWarp","timewarp\OmegaSystem\_exports\omega_export_20260228_234253.zip","5552","28/02/2026 23:42:54","BDAFDBFAAEB7F18E7F44CE76F080147274CA73EC5AF26ADC5A5B723C969F0FE5"
"F_TimeWarp","timewarp\OmegaSystem\_exports\omega_export_20260228_234502.zip","6272","28/02/2026 23:45:02","194A72E41FE5C93B4D72454E7CBB9D293C3E699CC305687013BBBD341CB234D7"
"F_TimeWarp","timewarp\OmegaSystem\_exports\omega_export_20260228_234810.zip","8657","28/02/2026 23:48:10","CE0D98DD8508B7A3366E099B19D880235087C4B2A53B5CB7F66D4255A037BD64"
"F_TimeWarp","timewarp\OmegaSystem\_exports\omega_export_20260301_002227.zip","42165","01/03/2026 00:22:27","5938D245908ED10183048F596586A3A5DA812C65E1278A13EE472AD266C11F55"
"F_TimeWarp","timewarp\OmegaSystem\_exports\omega_export_20260301_003940.zip","42941","01/03/2026 00:39:40","EF0831DECBB873A7DA668CDCCB1B84AB85A34517722E2D94E5D5873288656F66"
"F_TimeWarp","timewarp\OmegaSystem\_exports\omega_export_20260301_005618.zip","71606","01/03/2026 00:56:19","43D3146D652A4FB5B0C759E642C3A0AC401E7D00C61306FD54A5C147AE3C0E58"
"F_TimeWarp","timewarp\OmegaSystem\_exports\omega_export_20260301_031324.zip","109354","01/03/2026 03:13:26","E8E243C42E9BF0081DE4E2EC0985A09495751610A268124ACE97CDFBB5E60E3E"
"F_TimeWarp","timewarp\OmegaSystem\_exports\omega_export_20260301_150343.zip","109355","01/03/2026 15:03:45","19AEFEB8FB95ABAB40064CAFE63A1A6A40972C10A42ACF7F80CADA702DCF729E"
"F_TimeWarp","timewarp\OmegaSystem\init_dashboard.zip","98056992","01/03/2026 17:26:35","885524ED60140F2E7B9F47C2BD4B6DA0AA4E503D1571C7CEEDF8E8F404313D27"
"F_TimeWarp","timewarp\OmegaSystem\OmegaSystem.7z","10662757","28/02/2026 22:56:32","2067A20C48ABBC2365C7607C6E1210ADE2D059C0B1233D902F6E0FD1ACAFB55E"
"F_TimeWarp","timewarp\OmegaSystem\OmegaSystem.zip","35413419","28/02/2026 22:41:35","BE180DD3A7A89D68B2554186B8FC9044721CC71244A73DF0A05EFB33B7173422"
"F_TimeWarp","timewarp\OmegaSystem.zip","192452488","01/03/2026 21:37:24","6BFCC487B65DC375BE3EA8E3A1A33C335542CDE1C30239DC9B4330696E794C90"
"F_TimeWarp","Fractal_Reflexive_Scheduler_Fractal_0.212.91-Os_MegaSystem_builder_timewarp.zip","12178","06/03/2026 11:14:23","FA6BBB334A6F43EB461D6840F4A1B310E9E539AAEB8F3A4DCBD578E1D882010F"
"F_TimeWarp","FractalOS_TimeWarp_bundle (1).zip","3331","06/03/2026 01:32:56","D865E7B4ED7C2BC89D1DF7FCEFD5AD89564D6522911B99A5CAFAC1F231AC690F"
"F_TimeWarp","FractalOS_TimeWarp_bundle (2).zip","3331","06/03/2026 01:33:46","D865E7B4ED7C2BC89D1DF7FCEFD5AD89564D6522911B99A5CAFAC1F231AC690F"
"F_TimeWarp","FractalOS_TimeWarp_bundle (3).zip","22","06/03/2026 09:46:20","8739C76E681F900923B900C9DF0EF75CF421D39CABB54650C4B9AD19B6A76D85"
"F_TimeWarp","FractalOS_TimeWarp_bundle.zip","3331","06/03/2026 01:31:20","D865E7B4ED7C2BC89D1DF7FCEFD5AD89564D6522911B99A5CAFAC1F231AC690F"
"F_TimeWarp","FractalOS_v800_timewarp_snapshot (1).zip","11703","06/03/2026 00:54:29","B67530337C743990B8A3BBB0BBE0756BA343B42E8223CD98A8CCDCEA518FB73C"
"F_TimeWarp","FractalOS_v800_timewarp_snapshot.zip","11703","06/03/2026 00:37:14","B67530337C743990B8A3BBB0BBE0756BA343B42E8223CD98A8CCDCEA518FB73C"
"F_TimeWarp","ITT_IntentToConsciously_v0_3_0_TimeWarp.zip","15116","03/03/2026 21:02:50","CBA3F3552800C7455B6C599BEF9F4C358E0FE81EF43D6B36A3DB9FB6B0E0C4DC"
"F_TimeWarp","ITT_TimeWarp_IntentToConsciously_v0_1_0.zip","9964","03/03/2026 19:22:03","D4E6436BC6A1907BC918B08858464E7DD63E0A75EA464392BA626917F2451CE5"
"F_TimeWarp","ITT_TimeWarp_IntentToConsciously_v0_2_0.zip","13471","03/03/2026 19:28:33","12E7F2622AE84E79A33131773AE118D43C707F461849A39F661D36979B23C744"
"F_TimeWarp","ITT_TimeWarp_IntentToConsciously_v0_2_1_fix.zip","15439","03/03/2026 19:40:02","A6096CAA9ECF4593DD4A4E781417DC30E2EE49FADB7700436D449BD29DA5B2E4"
"F_TimeWarp","ITT_TimeWarp_IntentToConsciously_v0_2_1_fix2.zip","15476","03/03/2026 19:44:50","E7DC42C67BFF7B265FBD67F4AAED1DC6B9A8AE4501DC7DFBC02C4161C5F570D0"
"F_TimeWarp","ITT_TimeWarp_IntentToConsciously_v0_2_1.zip","15184","03/03/2026 19:33:20","25A156391C5B57AD2B3B084FEE3B106A9A81076A9A1FB1A37E47D54C2C4D8568"
"F_TimeWarp","Noralios_TimeWarp_V2.zip","9021","07/03/2026 21:26:29","D3B358BCA6EE5925D334EECDD011F04856D47F7FCCB7075BD1B8AAF3B7F7D3D1"
"F_TimeWarp","Noralios_TimeWarp_V3.zip","22","07/03/2026 21:36:04","8739C76E681F900923B900C9DF0EF75CF421D39CABB54650C4B9AD19B6A76D85"
"F_TimeWarp","Noralios_TimeWarp_V4.zip","1963","07/03/2026 21:44:11","B222EC059FCF9940110625C994BE66B9FA71A306B37FDD171CBD1A96C528613D"
"F_TimeWarp","Noralios_TimeWarp_V5.zip","21153","07/03/2026 21:54:03","0A3121A4C2F0EDA4B26D62C7E610BF6E737C2B6C0736F1F19D7E5648B33DFC85"
"F_TimeWarp","OmegaFusion_TimeWarp_4W.zip","18059","01/03/2026 20:24:23","6530122836D23EDCCF0A795B5C2D81BCDCE9225440E0BB3BC1D8FE0E81DF03CD"
"F_TimeWarp","OmegaFusion_TimeWarp_v2_EXE_Launcher.zip","21606","01/03/2026 20:33:47","9EC8EB0447EFD82B4E26E9F7285104D9FBEC240C7B776A03E05192401924F2B6"
"F_TimeWarp","OmegaFusion_TimeWarp_v3_HYBRID.zip","30604","01/03/2026 21:02:42","A5044B47EE32EC0305A1F0BD8849122B16016DFC438BE9BBF79D2ABC0E8A364A"
"F_TimeWarp","OmegaFusion_TimeWarp_v3.zip","27604","01/03/2026 20:40:52","4803D32776809DAFCDD2553049A37AF5801CD826B527859DB323E2BF8444E59C"
"F_TimeWarp","TimeWarp_FromFuture_Bundle.zip","5968","05/03/2026 23:48:08","9D1622CCDDE645F1DA0C3BD9618B94DDBA241CF3B1729D3FE1A87B97D52FF58A"
